,Unnamed: 0,property_id,prop_type,price,baths_half,baths_full,beds,city,line,postal_code,state_code,county,building_size,lot_size
0,0,M2278071853,single_family,829000,0.0,2.0,3,San Diego,3910 Mount Blackburn Ave,92111,CA,San Diego,1352.0,6500.0
1,1,M2739002954,single_family,699000,0.0,2.0,3,San Diego,8546 Boothbay Pl,92129,CA,San Diego,1614.0,5718.0
2,2,M1281042411,single_family,2395000,1.0,2.0,4,La Jolla,1321 Virginia Way,92037,CA,San Diego,2586.0,7700.0
3,3,M1811103700,single_family,699999,0.0,2.0,3,San Diego,4127 Seri St,92117,CA,San Diego,1374.0,6300.0
4,4,M1479304073,single_family,1450000,1.0,5.0,5,San Diego,15066 Almond Orchard Ln,92131,CA,San Diego,5390.0,23958.0
5,5,M2112669184,single_family,839000,0.0,2.0,4,San Diego,5290 Cobb Pl,92117,CA,San Diego,1534.0,15682.0
6,6,M2563475290,single_family,1550000,0.0,3.0,4,La Jolla,2692 Palomino Cir,92037,CA,San Diego,2473.0,11100.0
7,7,M1209130483,single_family,1350000,0.0,4.0,5,San Diego,16794 Santanella St,92127,CA,San Diego,3975.0,10315.0
8,8,M2052750592,single_family,920000,0.0,2.0,2,San Diego,4533 Rhode Island St,92116,CA,San Diego,1531.0,10003.0
9,9,M2524649252,single_family,1239000,0.0,3.0,3,San Diego,13381 Grandvia Pt,92130,CA,San Diego,2205.0,7239.0
10,10,M1332714190,single_family,2398000,1.0,5.0,5,San Diego,16382 Nicole Ridge Rd,92127,CA,San Diego,5042.0,10890.0
11,11,M1647993849,single_family,670000,0.0,2.0,3,San Diego,10390 Rancho Carmel Dr,92128,CA,San Diego,1322.0,3999.0
12,12,M2504477004,single_family,1449000,1.0,3.0,4,Point Loma,2758 Laning Rd,92106,CA,San Diego,3189.0,3999.0
13,13,M2145468257,single_family,729000,0.0,2.0,3,San Diego,4247 Hamilton St,92104,CA,San Diego,958.0,3999.0
14,14,M1018721144,single_family,599000,0.0,1.0,3,San Diego,7764 Batavia Rd,92126,CA,San Diego,1006.0,7499.0
15,15,M1976739442,single_family,1795000,0.0,2.0,4,San Diego,5361 Van Nuys Ct,92109,CA,San Diego,2514.0,7300.0
16,16,M2112631918,single_family,6975000,1.0,5.0,6,La Jolla,6121 Avenida Cresta,92037,CA,San Diego,8162.0,17424.0
17,17,M2611595770,single_family,1299000,0.0,3.0,3,San Diego,5522 Mill Creek Rd,92130,CA,San Diego,2769.0,5401.0
18,18,M1776446373,single_family,760000,0.0,2.0,4,San Diego,4635 Bannock Ave,92117,CA,San Diego,1723.0,5300.0
19,19,M2511371174,single_family,590000,1.0,2.0,5,San Diego,3675 Spa St,92105,CA,San Diego,1800.0,10019.0
20,20,M2407612485,single_family,1324999,0.0,3.0,4,San Diego,15878 Sarah Ridge Rd,92127,CA,San Diego,2775.0,4800.0
21,21,M1856657203,single_family,989000,0.0,2.0,3,San Diego,4827 Sussex Dr,92116,CA,San Diego,1456.0,7499.0
22,22,M2502009198,single_family,1295000,0.0,3.0,4,San Diego,5425 Bragg St,92122,CA,San Diego,2250.0,8900.0
23,23,M2457261025,single_family,725000,0.0,2.0,3,San Diego,4350 W Overlook Dr,92115,CA,San Diego,1224.0,7200.0
24,25,M2417539840,single_family,1059000,0.0,3.0,4,San Diego,15712 Potomac Ridge Rd,92127,CA,San Diego,2771.0,4815.0
25,26,M2748494397,single_family,899000,0.0,3.0,4,San Diego,9655 Graceland Way,92129,CA,San Diego,2292.0,5769.0
26,27,M2868751562,single_family,485000,0.0,1.0,2,San Diego,6212 Streamview Dr,92115,CA,San Diego,780.0,6400.0
27,28,M2172451949,single_family,538000,0.0,3.0,4,San Diego,5051 Pelusa St,92113,CA,San Diego,1414.0,5000.0
28,29,M2776865120,single_family,899900,0.0,1.0,2,San Diego,3021 James St,92106,CA,San Diego,1277.0,4169.0
29,30,M2761437020,single_family,999999,0.0,2.0,3,San Diego,3326 Wisteria Dr,92106,CA,San Diego,1955.0,13939.0
30,31,M1581485483,single_family,799999,0.0,3.0,4,San Diego,6952 Howe Ct,92111,CA,San Diego,1601.0,3999.0
31,32,M1993300042,single_family,659999,1.0,2.0,3,San Diego,4567 54th St,92115,CA,San Diego,2205.0,4073.0
32,33,M2543543085,single_family,1625000,0.0,3.0,4,San Diego,13404 Pantera Rd,92130,CA,San Diego,1532.0,7499.0
33,34,M1977316101,single_family,545000,0.0,2.0,3,San Diego,2731 Alta View Dr,92139,CA,San Diego,1770.0,7499.0
34,35,M1429960816,single_family,1585000,1.0,3.0,3,San Diego,14208 Caminito Lazanja,92127,CA,San Diego,1762.0,6000.0
35,36,M1589944883,single_family,735000,0.0,2.0,3,San Diego,16431 Gabarda Rd,92128,CA,San Diego,1865.0,5214.0
36,37,M1763856782,single_family,565000,0.0,2.0,4,San Diego,5767 Plumas St,92139,CA,San Diego,1396.0,6000.0
37,38,M1905292407,single_family,609000,1.0,2.0,4,San Diego,4825 Mahogany Vista Ln,92102,CA,San Diego,1776.0,6000.0
38,39,M1566306872,single_family,725000,0.0,2.0,3,San Diego,5067 Chaucer Ave,92120,CA,San Diego,1398.0,4918.0
39,40,M1006329377,single_family,770444,0.0,2.0,3,San Diego,5044 Brillo St,92117,CA,San Diego,2040.0,4288.0
40,41,M1438685571,single_family,809000,0.0,2.0,3,San Diego,10888 Pointed Oak Ln,92131,CA,San Diego,1364.0,5000.0
41,42,M1905768671,single_family,1798000,0.0,2.0,3,La Jolla,7505 Caminito Avola,92037,CA,San Diego,3164.0,7200.0
42,43,M2809860001,single_family,1095000,0.0,2.0,3,San Diego,3424 Ingelow St,92106,CA,San Diego,2532.0,3800.0
43,44,M2387249723,single_family,1995000,1.0,4.0,4,Del Mar,12780 Via Esperia,92014,CA,San Diego,1366.0,6400.0
44,45,M1150171972,single_family,4595000,1.0,7.0,7,La Jolla,1329 W Muirlands Dr,92037,CA,San Diego,2869.0,10889.0
45,46,M1060757096,single_family,1650000,1.0,4.0,5,San Diego,2420 Upas St,92104,CA,San Diego,4252.0,7843.0
46,47,M2052068433,single_family,659900,0.0,2.0,2,San Diego,4575 Alice St,92115,CA,San Diego,1526.0,15246.0
47,48,M1158058503,single_family,1250000,0.0,4.0,4,San Diego,12130 Dormouse Rd,92129,CA,San Diego,1018.0,7100.0
48,49,M1606687774,single_family,1895000,1.0,5.0,5,San Diego,15916 Taburno Way,92127,CA,San Diego,1859.0,5800.0
49,50,M2902402708,single_family,529900,0.0,2.0,4,San Diego,2322 Holstrom Pl,92114,CA,San Diego,2004.0,6400.0
50,51,M1867039880,single_family,599900,0.0,1.0,3,San Diego,4592 Southampton St,92117,CA,San Diego,1625.0,7499.0
51,52,M1404099628,single_family,779000,0.0,2.0,3,San Diego,12032 Caminito Cadena,92128,CA,San Diego,1044.0,10889.0
52,53,M1199211445,single_family,1100000,0.0,4.0,5,San Diego,1987 Galveston St,92110,CA,San Diego,1919.0,5000.0
53,54,M1633247877,single_family,849000,0.0,2.0,3,San Diego,7235 Volta Ct,92111,CA,San Diego,2676.0,14375.0
54,55,M2799101516,single_family,420000,0.0,1.0,3,San Diego,3250 W Virgo Rd,92105,CA,San Diego,1406.0,5700.0
55,56,M2798665697,single_family,1449000,0.0,2.0,3,San Diego,3220 Goldfinch St,92103,CA,San Diego,2757.0,4145.0
56,57,M1318190227,single_family,969000,0.0,3.0,4,San Diego,7925 Hemingway Ave,92120,CA,San Diego,1431.0,10454.0
57,58,M2075095637,single_family,677999,0.0,2.0,3,San Diego,7179 Ruane St,92119,CA,San Diego,8586.0,40511.0
58,59,M2767445090,single_family,1025000,1.0,2.0,4,San Diego,7353 Arroyo Grande Rd,92129,CA,San Diego,1586.0,7820.0
59,60,M1341891366,single_family,649000,0.0,2.0,3,San Diego,5952 Highplace Dr,92120,CA,San Diego,8192.0,43560.0
60,61,M2414225191,single_family,8495000,0.0,7.0,6,La Jolla,5833 Rutgers Rd,92037,CA,San Diego,1645.0,6024.0
61,62,M1730165252,single_family,769000,0.0,2.0,3,San Diego,14645 Thebes St,92129,CA,San Diego,2971.0,7499.0
62,63,M1307762213,single_family,4695000,1.0,6.0,5,San Diego,4820 Rancho Verde Trl,92130,CA,San Diego,1595.0,5532.0
63,64,M1068112366,single_family,3490000,0.0,3.0,3,La Jolla,2049 Paseo Dorado,92037,CA,San Diego,2017.0,33977.0
64,65,M2754899614,single_family,730000,0.0,3.0,4,San Diego,4844 Sea Urchin Dr,92154,CA,San Diego,2702.0,5059.0
65,66,M2399177974,single_family,799000,1.0,2.0,3,San Diego,11034 Ivy Hill Dr,92131,CA,San Diego,1194.0,9000.0
66,67,M2103203634,single_family,950000,0.0,2.0,4,San Diego,5370 Crisp Ct,92117,CA,San Diego,954.0,3596.0
67,68,M1531422679,single_family,1900000,0.0,5.0,5,San Diego,4603-05 Bermuda Ave,92107,CA,San Diego,2001.0,7499.0
68,69,M1321796800,single_family,515000,0.0,3.0,3,San Diego,1433 Pequena St,92154,CA,San Diego,8331.0,17424.0
69,70,M1768746844,single_family,799000,0.0,1.0,2,San Diego,2878 Collier Ave,92116,CA,San Diego,2739.0,8206.0
70,71,M2245203292,single_family,939000,0.0,4.0,5,San Diego,3502 Mount Acomita Ave,92111,CA,San Diego,2228.0,11517.0
71,72,M1901520354,single_family,8250000,1.0,6.0,6,La Jolla,1904 Estrada Way,92037,CA,San Diego,1808.0,2700.0
72,73,M2676172575,single_family,1249000,0.0,3.0,4,San Diego,12655 Sandy Crest Ct,92130,CA,San Diego,899.0,6500.0
73,74,M1571635933,single_family,847000,0.0,3.0,5,San Diego,13939 Barrymore St,92129,CA,San Diego,1044.0,5800.0
74,75,M1520741997,single_family,998000,0.0,3.0,3,San Diego,5051 Savannah St,92110,CA,San Diego,1210.0,7560.0
75,76,M2868706226,single_family,749000,0.0,1.0,3,San Diego,4091 Willamette Ave,92117,CA,San Diego,1679.0,10889.0
76,77,M2576735637,single_family,410000,0.0,2.0,3,San Diego,6335 Newsome Dr,92115,CA,San Diego,1160.0,6103.0
77,78,M1755293839,single_family,843000,0.0,2.0,3,San Diego,5005 Vista Pl,92116,CA,San Diego,1732.0,6300.0
78,79,M1529387726,single_family,719000,0.0,2.0,3,San Diego,12762 Jardin Rd,92128,CA,San Diego,10000.0,22215.0
79,80,M2108787198,single_family,579000,0.0,2.0,3,San Diego,4840 67th St,92115,CA,San Diego,830.0,7196.0
80,81,M2736368413,single_family,949000,0.0,2.0,3,San Diego,4230 Piper St,92117,CA,San Diego,1978.0,6500.0
81,82,M2492631968,single_family,11998000,3.0,6.0,6,La Jolla,8350 Calle Del Cielo,92037,CA,San Diego,3168.0,6800.0
82,83,M1177436762,single_family,520000,1.0,1.0,3,San Diego,3427 39th St,92105,CA,San Diego,2162.0,15246.0
83,84,M2510685865,single_family,749900,0.0,2.0,3,San Diego,8517 Dubonnet St,92123,CA,San Diego,3600.0,7896.0
84,85,M2322965972,single_family,2650000,0.0,3.0,5,San Diego,2130 LA Amatista Rd,92014,CA,San Diego,7654.0,9433.0
85,86,M1375879282,single_family,613600,1.0,2.0,4,San Diego,675 Vista Santo Thomas,92154,CA,San Diego,3839.0,7540.0
86,87,M2616014581,single_family,1198300,0.0,4.0,5,San Diego,17868 Alva Rd,92127,CA,San Diego,1247.0,6504.0
87,88,M2823610400,single_family,5750000,1.0,5.0,6,La Jolla,5751 Chelsea Ave,92037,CA,San Diego,1086.0,5400.0
88,89,M2824006538,single_family,1908000,0.0,4.0,4,San Diego,1891 Titus St,92110,CA,San Diego,1327.0,5800.0
89,90,M2128701732,single_family,650000,0.0,2.0,3,San Diego,2036 S 42nd St,92113,CA,San Diego,1674.0,10200.0
90,91,M1630344283,single_family,485000,0.0,1.0,3,San Diego,2116 Fieger St,92105,CA,San Diego,1540.0,5000.0
91,92,M2896142030,single_family,549900,0.0,2.0,4,San Diego,6704 Pilot Way,92114,CA,San Diego,1329.0,6800.0
92,93,M2174240714,single_family,529900,0.0,2.0,3,San Diego,5018 Palin St,92113,CA,San Diego,4300.0,8646.0
93,94,M2730741256,single_family,1314000,0.0,2.0,4,Pacific Beach,3740 Yosemite St,92109,CA,San Diego,1018.0,7499.0
94,95,M1160119471,single_family,750000,0.0,2.0,3,San Diego,2141 March Pl,92110,CA,San Diego,2518.0,10889.0
95,96,M2562166454,single_family,1988000,1.0,4.0,5,San Diego,6279 Sunrose Crest Way,92130,CA,San Diego,1392.0,6800.0
96,97,M2067167468,single_family,619900,0.0,1.0,3,San Diego,5250 Conrad Ave,92117,CA,San Diego,1818.0,7499.0
97,98,M2077146639,single_family,1425000,1.0,2.0,3,La Jolla,2367 Falkirk Row,92037,CA,San Diego,1490.0,5300.0
98,99,M1182441771,single_family,845000,0.0,2.0,3,San Diego,4861 Field St,92110,CA,San Diego,2245.0,9100.0
99,100,M2390673115,single_family,1750000,0.0,2.0,3,La Jolla,5526 Moonlight Ln,92037,CA,San Diego,1357.0,4359.0
100,101,M1021665153,single_family,625000,0.0,1.0,3,San Diego,7657 Acama St,92126,CA,San Diego,1829.0,17424.0
101,102,M2760224914,single_family,845000,0.0,3.0,5,San Diego,6875 Ridge Manor Dr,92120,CA,San Diego,2612.0,10889.0
102,103,M2854811440,single_family,615000,0.0,2.0,3,San Diego,4102 45th St,92105,CA,San Diego,4812.0,71003.0
103,104,M1170668240,single_family,1795000,0.0,2.0,3,La Jolla,5984 La Jolla Corona Dr,92037,CA,San Diego,2369.0,4870.0
104,105,M1287745328,single_family,1350000,1.0,2.0,3,San Diego,11688 Aspendell Dr,92131,CA,San Diego,3472.0,5712.0
105,106,M2430771268,single_family,3749000,1.0,4.0,3,La Jolla,6105 La Jolla Scenic Dr S,92037,CA,San Diego,2080.0,73616.0
106,107,M2835782606,single_family,1249000,1.0,2.0,4,San Diego,4177 Del Mar Trails Rd,92130,CA,San Diego,1338.0,8171.0
107,108,M1570867197,single_family,1369000,1.0,5.0,5,San Diego,1003 Hayes Ave,92103,CA,San Diego,1342.0,7499.0
108,109,M2619714672,single_family,1095000,1.0,2.0,4,San Diego,12880 Caminito Beso,92130,CA,San Diego,1890.0,10000.0
109,110,M1881651278,single_family,905000,0.0,2.0,2,San Diego,4215 Madison Ave,92116,CA,San Diego,1118.0,11761.0
110,111,M2399856953,single_family,749900,0.0,2.0,4,San Diego,3839 Hatton St,92111,CA,San Diego,5131.0,57935.0
111,112,M1320128056,single_family,840000,0.0,2.0,4,San Diego,6525 Decanture St,92120,CA,San Diego,2597.0,5749.0
112,113,M1962217097,single_family,679000,0.0,2.0,3,San Diego,4542 Chateau Dr,92117,CA,San Diego,2500.0,5717.0
113,114,M2230317764,single_family,4995000,0.0,4.0,6,La Jolla,1419 Inspiration Dr,92037,CA,San Diego,1559.0,7499.0
114,115,M2957120515,single_family,1295000,0.0,3.0,4,San Diego,10942 Cloverhurst Way,92130,CA,San Diego,5289.0,37897.0
115,116,M2307365512,single_family,1399000,0.0,4.0,6,San Diego,4721-23 Edgeware Rd,92116,CA,San Diego,2662.0,4584.0
116,117,M1376961767,single_family,540000,0.0,2.0,4,San Diego,6998 Bullock Dr,92114,CA,San Diego,2500.0,6600.0
117,118,M2617623559,single_family,2100000,1.0,4.0,5,San Diego,15541 Mission Preserve Pl,92131,CA,San Diego,4458.0,16044.0
118,119,M2712954029,single_family,995000,0.0,3.0,4,San Diego,3025 Browning St,92106,CA,San Diego,3178.0,7499.0
119,120,M1453345577,single_family,524999,0.0,3.0,4,San Diego,3972 Kimsue Way,92154,CA,San Diego,1402.0,7499.0
120,121,M2143331287,single_family,2990000,1.0,4.0,4,San Diego,6254 Belmont Trail Ct,92130,CA,San Diego,1270.0,4964.0
121,122,M9579411474,single_family,2795000,1.0,3.0,3,La Jolla,298 Playa Del Sur,92037,CA,San Diego,1407.0,7499.0
122,123,M2593876256,single_family,1350000,0.0,4.0,5,San Diego,13510 Peach Tree Way,92130,CA,San Diego,2937.0,7499.0
123,124,M1549250474,single_family,665000,0.0,2.0,3,San Diego,16432 Sarape Dr,92128,CA,San Diego,1966.0,7499.0
124,125,M2401958367,single_family,615000,0.0,2.0,2,San Diego,5820 Adelaide Ave,92115,CA,San Diego,2110.0,10889.0
125,126,M2434700609,single_family,749900,0.0,2.0,4,San Diego,3417 Aldford Dr,92111,CA,San Diego,1793.0,6000.0
126,127,M2395858156,single_family,1490000,0.0,4.0,3,Del Mar,2780 Cordoba Cv,92014,CA,San Diego,1036.0,2700.0
127,128,M1315183089,single_family,749000,0.0,2.0,3,San Diego,18192 Calle Estepona,92128,CA,San Diego,6888.0,43560.0
128,129,M1168559244,single_family,555000,0.0,2.0,3,San Diego,1762 Donax Ave,92154,CA,San Diego,1700.0,7499.0
129,130,M2298679919,single_family,785000,0.0,2.0,3,San Diego,5011 Mount Casas Dr,92117,CA,San Diego,1595.0,7499.0
130,131,M2732380957,single_family,935000,0.0,2.0,3,San Diego,1959 Pacific Beach Dr,92109,CA,San Diego,1100.0,10889.0
131,132,M1325765209,single_family,2999000,1.0,5.0,5,San Diego,7871 Corte De Luz,92127,CA,San Diego,892.0,9400.0
132,133,M2226905714,single_family,769000,0.0,2.0,3,San Diego,3988 Canning Ave,92111,CA,San Diego,750.0,7499.0
133,134,M2289971061,single_family,720000,1.0,2.0,3,San Diego,5332 Corte Playa Jacinto,92124,CA,San Diego,1032.0,14810.0
134,135,M2583257177,single_family,550000,0.0,2.0,3,San Diego,3770 Nassau Dr,92115,CA,San Diego,1176.0,5000.0
135,136,M1924231729,single_family,1300000,0.0,1.0,2,San Diego,1124 Agate St,92109,CA,San Diego,1219.0,6400.0
136,137,M1461369127,single_family,429000,0.0,1.0,2,San Diego,517 Sears Ave,92114,CA,San Diego,1200.0,7400.0
137,138,M1880086108,single_family,849000,0.0,2.0,2,San Diego,4385 Alder Dr,92116,CA,San Diego,4720.0,24394.0
138,139,M2158812614,single_family,489500,0.0,2.0,3,San Diego,1385 S 50th St,92113,CA,San Diego,3095.0,10889.0
139,140,M1188157981,single_family,549000,0.0,1.0,4,San Diego,6205 Lake Albano Ave,92119,CA,San Diego,1889.0,7499.0
140,141,M1931100035,single_family,740000,0.0,2.0,3,San Diego,4519 Cannington Dr,92117,CA,San Diego,1289.0,5400.0
141,142,M2404369250,single_family,1725000,1.0,4.0,4,San Diego,16428 Irish Eyes Ln,92127,CA,San Diego,2514.0,7499.0
142,143,M1179343654,single_family,7495000,0.0,3.0,3,La Jolla,1640 Torrey Pines Rd,92037,CA,San Diego,1995.0,5100.0
143,144,M2046551300,single_family,889000,1.0,2.0,3,San Diego,11558 Village Ridge Rd,92131,CA,San Diego,1068.0,10889.0
144,145,M2610297730,single_family,1300000,0.0,2.0,3,San Diego,3553 Ingraham St,92109,CA,San Diego,1575.0,7499.0
145,146,M1271247887,single_family,1290000,0.0,3.0,4,San Diego,4632 Corte Mar Asombrosa,92130,CA,San Diego,2223.0,11326.0
146,147,M1290091737,single_family,714900,0.0,2.0,4,San Diego,7857 New Salem St,92126,CA,San Diego,6349.0,33105.0
147,148,M2120577757,single_family,479900,0.0,2.0,3,San Diego,4115 Epsilon St,92113,CA,San Diego,2481.0,21780.0
148,149,M2853609576,single_family,699000,0.0,2.0,3,San Diego,8604 Perseus Rd,92126,CA,San Diego,2990.0,7019.0
149,150,M1470145179,single_family,790000,1.0,2.0,3,San Diego,17006 New Rochelle Way,92127,CA,San Diego,1120.0,2700.0
150,151,M2087806472,single_family,775000,0.0,3.0,2,San Diego,5177 69th St,92115,CA,San Diego,3777.0,10889.0
151,152,M2114687322,single_family,3549000,1.0,6.0,5,San Diego,7775 Sendero Angelica,92127,CA,San Diego,1924.0,7500.0
152,153,M1482471678,single_family,1530000,1.0,4.0,5,San Diego,15565 Via La Ventana,92131,CA,San Diego,1988.0,4606.0
153,154,M1832248011,single_family,1695000,0.0,4.0,4,San Diego,4343 Ridgeway Dr,92116,CA,San Diego,2656.0,4889.0
154,155,M2431521662,single_family,2100000,1.0,2.0,3,Del Mar,13133 Caminito Pointe Del Mar,92014,CA,San Diego,1548.0,6900.0
155,156,M2576672477,single_family,829000,0.0,2.0,3,San Diego,3560 Wawona Dr,92106,CA,San Diego,3802.0,11761.0
156,157,M2848358899,single_family,2100000,1.0,4.0,4,La Jolla,8695 Cliffridge Ave,92037,CA,San Diego,1608.0,10616.0
157,158,M1851462716,single_family,879000,0.0,3.0,4,San Diego,4928 Mount La Platta Dr,92117,CA,San Diego,1721.0,3409.0
158,159,M2036901225,single_family,890000,0.0,3.0,4,San Diego,13529 Tradition St,92128,CA,San Diego,1473.0,5300.0
159,160,M1124497661,single_family,1239900,0.0,3.0,5,San Diego,6674 Monterra Trl,92130,CA,San Diego,2356.0,7499.0
160,161,M1414012368,single_family,729999,0.0,2.0,3,San Diego,17170 Poblado Way,92127,CA,San Diego,1528.0,7499.0
161,162,M2446267602,single_family,1475000,1.0,4.0,5,San Diego,15394 Falcon Crest Ct,92127,CA,San Diego,1037.0,3495.0
162,163,M2088118479,single_family,539000,0.0,2.0,4,San Diego,1939 Winnett St,92114,CA,San Diego,13968.0,5011.0
163,164,M1399834341,single_family,689000,1.0,2.0,3,San Diego,3014 46th St,92105,CA,San Diego,4795.0,51401.0
164,165,M1474237250,single_family,749000,0.0,2.0,4,San Diego,3469 Juniper St,92104,CA,San Diego,3107.0,7499.0
165,166,M1988343702,single_family,880000,0.0,3.0,4,San Diego,11942 Meriden Ln,92128,CA,San Diego,1109.0,6300.0
166,167,M1283991495,single_family,725000,0.0,2.0,2,San Diego,17612 Fonticello Way,92128,CA,San Diego,2042.0,13504.0
167,168,M2410615438,single_family,799000,0.0,2.0,2,San Diego,4842 Cape May Ave,92107,CA,San Diego,2498.0,5078.0
168,169,M1134662489,single_family,13250000,0.0,24.0,20,San Diego,1929 Columbia St,92101,CA,San Diego,3321.0,8121.0
169,170,M1318515866,single_family,2299000,1.0,4.0,4,San Diego,16936 Crescent Creek Dr,92127,CA,San Diego,3517.0,9835.0
170,171,M1318909683,single_family,1299999,1.0,3.0,4,San Diego,18576 Lancashire Way,92128,CA,San Diego,3823.0,6685.0
171,172,M1048290675,single_family,649900,0.0,2.0,3,San Diego,4191 Moraga Ave,92117,CA,San Diego,4477.0,45302.0
172,173,M2363127286,single_family,850000,1.0,2.0,3,San Diego,12684 Cabezon Pl,92129,CA,San Diego,8303.0,59677.0
173,174,M2845042199,single_family,975000,1.0,2.0,4,San Diego,6105 Caminito Pan,92120,CA,San Diego,3670.0,6090.0
174,175,M1641514861,single_family,1649900,0.0,4.0,5,San Diego,6708 Aliso Valley Way,92130,CA,San Diego,1118.0,7500.0
175,176,M2343129996,single_family,1299000,0.0,3.0,4,San Diego,11606 Alderidge Ln,92131,CA,San Diego,1370.0,1173.0
176,177,M1731394998,single_family,1199995,1.0,3.0,4,San Diego,6424 Norman Ln,92120,CA,San Diego,1349.0,5705.0
177,178,M2750040489,single_family,1200000,1.0,3.0,5,San Diego,10241 Paseo De Linda,92127,CA,San Diego,728.0,3253.0
178,179,M1403386622,single_family,4999999,2.0,3.0,4,La Jolla,7337 Encelia Dr,92037,CA,San Diego,2823.0,53579.0
179,180,M1227035132,single_family,3695000,2.0,4.0,4,San Diego,14732 Encendido,92127,CA,San Diego,1891.0,7499.0
180,181,M2332345617,single_family,845000,1.0,2.0,4,San Diego,9757 Paseo Montril,92129,CA,San Diego,1016.0,4762.0
181,182,M1254019650,single_family,1299000,1.0,4.0,4,San Diego,7654 Heatherly Ln,92130,CA,San Diego,4613.0,27878.0
182,183,M1364958985,single_family,639000,0.0,2.0,3,San Diego,6501 Bantam Lake Ave,92119,CA,San Diego,1200.0,13504.0
183,184,M1146378150,single_family,1599900,0.0,3.0,3,San Diego,812 San Rafael Pl,92109,CA,San Diego,2104.0,10889.0
184,185,M1175118050,single_family,529000,0.0,3.0,4,San Diego,820 14th St,92154,CA,San Diego,3170.0,6000.0
185,186,M2208881746,single_family,600000,0.0,1.0,3,San Diego,4390 37th St,92105,CA,San Diego,3176.0,7000.0
186,187,M2046489914,single_family,1850000,1.0,2.0,3,San Diego,3965 Bandini St,92103,CA,San Diego,1092.0,5500.0
187,188,M1701272774,single_family,699000,1.0,2.0,4,San Diego,11099 Ice Skate Pl,92126,CA,San Diego,2008.0,8949.0
188,189,M1170579829,single_family,619000,0.0,2.0,3,San Diego,4219 Marlborough Ave,92105,CA,San Diego,2109.0,28314.0
189,190,M1691902911,single_family,1449000,1.0,5.0,5,San Diego,11419 Stockwood Cv,92131,CA,San Diego,2333.0,4464.0
190,191,M2067502862,single_family,680000,1.0,1.0,3,San Diego,5166 Winthrop St,92117,CA,San Diego,5500.0,138521.0
0,0,M1896367106,single_family,689000,0.0,2.0,4,Anaheim Hills,247 N Paseo Madero,92807,CA,Orange,1382.0,7150.0
1,1,M1802846038,single_family,669900,0.0,2.0,4,Anaheim,1418 W Kimberly Ln,92802,CA,Orange,1664.0,7706.0
2,2,M1794705615,single_family,1149888,0.0,3.0,5,Anaheim Hills,716 S Heatherglen Cir,92808,CA,Orange,3139.0,7125.0
3,3,M2080460862,single_family,2275000,1.0,4.0,5,Anaheim Hills,4830 E Santa Ana Canyon Rd,92807,CA,Orange,4193.0,47916.0
4,4,M1805736334,single_family,825000,1.0,2.0,4,Anaheim,6493 E Via Arboles,92807,CA,Orange,2218.0,23250.0
5,5,M1496653155,single_family,799900,0.0,3.0,4,Anaheim,3213 Donovan Ranch Rd,92804,CA,Orange,2525.0,3469.0
6,6,M1597697024,single_family,649000,0.0,2.0,3,Anaheim,219 S Nutwood St,92804,CA,Orange,1379.0,6060.0
7,7,M2250505358,single_family,650000,0.0,2.0,3,Anaheim Hills,5712 E Hudson Bay Dr,92807,CA,Orange,1419.0,5880.0
8,8,M2750797487,single_family,695000,1.0,2.0,4,Anaheim,519 N Royal St,92806,CA,Orange,2010.0,7722.0
9,9,M2280441282,single_family,720000,0.0,2.0,4,Anaheim,1749 N Bedford Cir,92806,CA,Orange,1507.0,7700.0
10,10,M1527450723,single_family,599900,0.0,2.0,3,Anaheim,2459 W Cerritos Ave,92804,CA,Orange,1348.0,7182.0
11,11,M2343223023,single_family,2900000,1.0,5.0,5,Anaheim,6970 E Avenida De Santiago,92807,CA,Orange,5134.0,63554.0
12,12,M2965912954,single_family,489000,0.0,1.0,3,Anaheim,206 E LA Palma Ave,92801,CA,Orange,986.0,3328.0
13,13,M2107627734,single_family,948000,1.0,2.0,4,Anaheim Hills,5191 E Cavendish Ln,92807,CA,Orange,3094.0,9240.0
14,14,M2727446262,single_family,659900,0.0,2.0,3,Anaheim,1920 N Deer Creek Cir,92807,CA,Orange,1285.0,6363.0
15,15,M2249275582,single_family,960000,1.0,2.0,3,Anaheim Hills,625 S Pathfinder Trl,92807,CA,Orange,2461.0,11400.0
16,16,M1465924651,single_family,615000,0.0,2.0,4,Anaheim,204 S Gain St,92804,CA,Orange,1481.0,5000.0
17,17,M2354178599,single_family,1300000,0.0,4.0,5,Anaheim,9401 Hillview Rd,92804,CA,Orange,5819.0,29450.0
18,18,M2115286849,single_family,680000,0.0,3.0,3,Anaheim,1231 E Turin Ave,92805,CA,Orange,1435.0,6348.0
19,19,M2181414301,single_family,450000,1.0,1.0,2,Anaheim Hills,260 S Camino De Ninos,92807,CA,Orange,1012.0,1400.0
20,20,M2325939575,single_family,599900,0.0,1.0,3,Anaheim,11632 Moen St,92804,CA,Orange,1234.0,7344.0
21,21,M2681236493,single_family,679900,0.0,2.0,4,Anaheim,4750 E Tanglewood Ave,92807,CA,Orange,1704.0,5000.0
22,22,M2913505666,single_family,600000,0.0,2.0,3,Anaheim,3151 W Teranimar Dr,92804,CA,Orange,1434.0,8260.0
23,23,M1144411769,single_family,755000,0.0,2.0,4,Anaheim,557 S Chantilly St,92806,CA,Orange,2176.0,7242.0
24,24,M1162341763,single_family,600000,0.0,2.0,4,Anaheim,629 S Hazelwood St,92802,CA,Orange,1455.0,6420.0
25,25,M1211011083,single_family,648888,0.0,2.0,3,Anaheim,601 S Pandora Pl,92802,CA,Orange,1077.0,6300.0
26,26,M1252408471,single_family,819000,0.0,3.0,4,Anaheim,933 S Nordica St,92806,CA,Orange,2529.0,8200.0
27,27,M1786560821,single_family,644900,0.0,2.0,3,Anaheim,1547 W Chanticleer Rd,92802,CA,Orange,1321.0,6000.0
28,28,M1184254137,single_family,649000,0.0,2.0,3,Anaheim,629 S Indiana St,92805,CA,Orange,1402.0,6226.0
29,29,M1674576664,single_family,650000,0.0,2.0,4,Anaheim,2032 W Niobe Ave,92804,CA,Orange,1536.0,8400.0
30,30,M1144486301,single_family,669000,0.0,2.0,3,Anaheim,1541 W Minerva Ave,92802,CA,Orange,1322.0,6161.0
31,31,M2354365540,single_family,1399000,1.0,3.0,5,Anaheim Hills,865 S Swallow Way,92807,CA,Orange,3383.0,10800.0
32,32,M1944738300,single_family,849000,0.0,3.0,4,Anaheim Hills,7565 E Calle Durango,92808,CA,Orange,2523.0,6400.0
33,33,M1253531524,single_family,645000,0.0,2.0,3,Anaheim,939 S Pepper St,92802,CA,Orange,1218.0,7758.0
34,34,M2346167032,single_family,838000,0.0,3.0,3,Anaheim Hills,730 S Highland Ln,92807,CA,Orange,2436.0,5550.0
35,35,M1436803503,single_family,699900,0.0,2.0,3,Anaheim Hills,1228 N Amelia St,92807,CA,Orange,1499.0,5000.0
36,36,M2240145426,single_family,534900,1.0,2.0,2,Anaheim Hills,5532 E Vista Del Amigo,92807,CA,Orange,1404.0,1537.0
37,37,M1232848926,single_family,799000,0.0,2.0,4,Anaheim,718 S Resh St,92805,CA,Orange,1737.0,6057.0
38,38,M2567155997,single_family,639000,1.0,2.0,3,Anaheim,715 N Roanne St,92801,CA,Orange,1423.0,6209.0
39,39,M2837191039,single_family,495000,0.0,1.0,2,Anaheim,217 E Charlotte Ave,92805,CA,Orange,816.0,5996.0
40,41,M1254427862,single_family,279900,0.0,2.0,2,Anaheim,1400 S Sunkist St Spc 174,92806,CA,Orange,1287.0,6600.0
41,42,M2727841666,single_family,685000,0.0,2.0,4,Anaheim,2523 E Banyan Ct,92806,CA,Orange,1358.0,6000.0
42,43,M2829668668,single_family,650000,0.0,2.0,4,Anaheim,1527 W Dogwood Ave,92801,CA,Orange,3738.0,56041.0
43,44,M1448484190,single_family,619999,0.0,2.0,3,Anaheim,2461 W Chain Ave,92804,CA,Orange,3136.0,10000.0
44,45,M1089499713,single_family,1499000,1.0,3.0,4,Anaheim Hills,6940 E Avenida De Santiago,92807,CA,Orange,2563.0,7000.0
45,46,M2330738932,single_family,1016500,0.0,3.0,4,Anaheim Hills,7055 E Country Club Ln,92807,CA,Orange,1100.0,5795.0
46,47,M2323956531,single_family,829000,0.0,3.0,5,Anaheim Hills,6421 E Shady Valley Ln,92807,CA,Orange,2765.0,9300.0
47,48,M2680344036,single_family,575000,0.0,2.0,3,Anaheim,906 N Pine St,92805,CA,Orange,2076.0,3406.0
48,49,M2232953099,single_family,844999,1.0,2.0,3,Anaheim Hills,6027 E Brighton Ln,92807,CA,Orange,1584.0,7350.0
49,50,M1118659107,single_family,750000,1.0,2.0,3,Anaheim,2660 W Madison Cir,92801,CA,Orange,1462.0,3750.0
50,51,M1891597066,single_family,735000,0.0,2.0,3,Anaheim Hills,5250 E Bergh Dr,92807,CA,Orange,2358.0,6005.0
51,52,M1967180346,single_family,669900,1.0,2.0,3,Anaheim Hills,615 S Iron Horse Ln,92807,CA,Orange,1747.0,7480.0
52,53,M2208804768,single_family,812888,0.0,3.0,4,Anaheim Hills,240 S Calle Diaz,92807,CA,Orange,2216.0,6264.0
53,54,M1039438684,single_family,700000,1.0,2.0,4,Anaheim,1841 E Almond Dr,92805,CA,Orange,1443.0,7200.0
54,55,M1720620921,single_family,835000,0.0,3.0,4,Anaheim Hills,8137 E Kennedy Rd,92808,CA,Orange,2192.0,11200.0
55,56,M1495364746,single_family,699900,0.0,3.0,5,Anaheim,10251 Antigua St,92804,CA,Orange,1128.0,6188.0
56,57,M2180743514,single_family,920000,1.0,2.0,4,Anaheim Hills,5321 E Rural Ridge Cir,92807,CA,Orange,1480.0,6800.0
57,58,M2649550996,single_family,554900,1.0,1.0,3,Anaheim,2531 W Houston Ave,92801,CA,Orange,2666.0,187308.0
58,59,M1922274885,single_family,675000,0.0,2.0,4,Anaheim,2052 W Romneya Dr,92801,CA,Orange,1312.0,7400.0
59,60,M1476078383,single_family,2250000,0.0,3.0,4,Anaheim Hills,1005 S Mountvale Ct,92808,CA,Orange,1240.0,5000.0
60,61,M9133261535,single_family,694911,3.0,3.0,4,Anaheim,783 S Mosaic St,92805,CA,Orange,1438.0,8090.0
61,62,M9751963260,single_family,657311,2.0,2.0,3,Anaheim,781 S Mosaic St,92805,CA,Orange,1692.0,4050.0
62,63,M2377524137,single_family,669995,0.0,2.0,4,Anaheim,1351 S Oriole St,92804,CA,Orange,1567.0,7320.0
63,64,M1974886447,single_family,615000,0.0,2.0,3,Anaheim Hills,4150 E Addington Dr,92807,CA,Orange,1859.0,7704.0
64,65,M1655980958,single_family,639900,0.0,2.0,4,Anaheim,2102 W Crone Ave,92804,CA,Orange,2700.0,6745.0
65,66,M2887302634,single_family,533000,1.0,2.0,3,Anaheim,1317 N Mariner Way,92801,CA,Orange,1953.0,6000.0
66,67,M2773022510,single_family,689000,0.0,2.0,4,Anaheim,1720 N Prelude Dr,92807,CA,Orange,2319.0,9100.0
67,68,M1143522462,single_family,739000,0.0,3.0,5,Anaheim,935 S Caplan St,92802,CA,Orange,1585.0,8100.0
68,69,M2013278317,single_family,849900,1.0,3.0,4,Anaheim,1518 W Flippen Ct,92802,CA,Orange,1863.0,2800.0
69,70,M1944104779,single_family,775000,1.0,2.0,4,Anaheim Hills,175 N Circulo Robel,92807,CA,Orange,1661.0,4320.0
70,71,M2145415400,single_family,899900,1.0,2.0,4,Anaheim Hills,685 S Aberdeen St,92807,CA,Orange,12873.0,52272.0
71,72,M2359061049,single_family,749000,1.0,2.0,3,Anaheim Hills,7748 E Misty Glen Ct,92808,CA,Orange,1319.0,8052.0
72,73,M2289075609,single_family,675000,1.0,2.0,3,Anaheim Hills,6401 E Nohl Ranch Rd Apt 95,92807,CA,Orange,1909.0,7210.0
73,74,M1764184808,single_family,715000,1.0,2.0,3,Anaheim Hills,8258 E Birch Tree Ln,92808,CA,Orange,1034.0,6240.0
74,75,M2075616290,single_family,3999900,3.0,8.0,6,Anaheim Hills,560 S Peralta Hills Dr,92807,CA,Orange,1764.0,4080.0
75,76,M1422099903,single_family,699900,0.0,2.0,3,Anaheim,8871 Regal Ave,92804,CA,Orange,3478.0,5414.0
76,77,M2667619903,single_family,724900,1.0,2.0,4,Anaheim,2235 E Belmont Pl,92806,CA,Orange,815.0,7439.0
77,78,M9615707304,single_family,668880,3.0,3.0,3,Anaheim,350 S Quadrilateral Way,92802,CA,Orange,2578.0,5850.0
78,79,M2869766822,single_family,480000,0.0,1.0,2,Anaheim,720 N Zeyn St,92805,CA,Orange,1300.0,6755.0
79,80,M1805438207,single_family,744900,1.0,2.0,3,Anaheim Hills,8330 E Quiet Canyon Ct,92808,CA,Orange,2152.0,7420.0
80,81,M1432170848,single_family,959900,0.0,4.0,6,Anaheim Hills,1140 N Amberly Ln,92807,CA,Orange,1814.0,8550.0
81,82,M2897332247,single_family,484999,0.0,1.0,2,Anaheim,3330 W Brady Ave,92804,CA,Orange,1556.0,5096.0
82,83,M2364949068,single_family,860000,1.0,2.0,4,Anaheim Hills,1060 S Pegasus St,92807,CA,Orange,2240.0,5750.0
83,84,M2959018755,single_family,620000,1.0,1.0,3,Anaheim,1262 E Wilhelmina St,92805,CA,Orange,1393.0,1652.0
84,85,M1892044257,single_family,729900,0.0,2.0,5,Anaheim Hills,150 N Maude Ln,92807,CA,Orange,1348.0,7200.0
85,86,M1430353072,single_family,819000,0.0,3.0,4,Anaheim Hills,4859 E McKinnon Dr,92807,CA,Orange,1743.0,7200.0
86,87,M1128014755,single_family,644999,0.0,2.0,3,Anaheim,2252 E Nyon Ave,92806,CA,Orange,6118.0,23552.0
87,88,M1736980670,single_family,845000,0.0,3.0,5,Anaheim Hills,828 S Wildflower Ln,92808,CA,Orange,1352.0,7210.0
88,89,M2214879117,single_family,525000,1.0,2.0,2,Anaheim Hills,5620 E Vista Del Valle,92807,CA,Orange,2011.0,4241.0
89,90,M1527711584,single_family,635999,0.0,2.0,3,Anaheim,2554 W Harriet Ln,92804,CA,Orange,2445.0,6050.0
90,91,M1948874819,single_family,650000,0.0,2.0,4,Anaheim Hills,4342 E Addington Dr,92807,CA,Orange,1291.0,6479.0
91,92,M2960873827,single_family,2795000,1.0,7.0,7,Anaheim Hills,355 E Shivom Ct,92808,CA,Orange,2283.0,7665.0
92,93,M1481688145,single_family,634000,0.0,2.0,3,Anaheim,2461 W Orange Ave,92804,CA,Orange,2494.0,4320.0
93,94,M2357777773,single_family,760000,0.0,3.0,5,Anaheim,745 N Harbor Blvd,92805,CA,Orange,1460.0,5000.0
94,95,M2516879165,single_family,786000,0.0,3.0,4,Anaheim,1737 E Sandalwood Ave,92805,CA,Orange,1904.0,7350.0
95,96,M2569056560,single_family,579000,0.0,2.0,4,Anaheim,1333 N Aetna St,92801,CA,Orange,1502.0,6420.0
96,97,M1604963883,single_family,699888,0.0,3.0,5,Anaheim,409 S Camellia St,92804,CA,Orange,1601.0,6340.0
97,98,M2144260156,single_family,625000,1.0,2.0,3,Anaheim Hills,4350 E Terra Vista Ln,92807,CA,Orange,1769.0,6575.0
98,99,M1723751261,single_family,729900,0.0,2.0,3,Anaheim Hills,7975 E Bauer Rd,92808,CA,Orange,1420.0,5000.0
99,100,M1890628151,single_family,699000,0.0,2.0,4,Anaheim Hills,125 N Laurie Ann Ln,92807,CA,Orange,1794.0,7344.0
100,101,M1638130572,single_family,630000,0.0,2.0,4,Anaheim,1922 W Tedmar Ave,92804,CA,Orange,1501.0,5000.0
101,102,M2799019616,single_family,594900,0.0,2.0,3,Anaheim,1133 N Crown St,92801,CA,Orange,1949.0,8400.0
102,103,M2789852194,single_family,619900,0.0,2.0,3,Anaheim,1154 N Crown St,92801,CA,Orange,2200.0,6960.0
103,104,M1738583106,single_family,749900,0.0,2.0,3,Anaheim Hills,7953 E Saffron St,92808,CA,Orange,2416.0,9222.0
104,105,M1222670249,single_family,629900,0.0,2.0,3,Anaheim,621 S Chantilly St,92806,CA,Orange,1632.0,1783.0
105,106,M2638008000,single_family,685000,0.0,2.0,4,Anaheim,5118 E Tango Cir,92807,CA,Orange,1232.0,6875.0
106,107,M1035924313,single_family,699900,1.0,2.0,4,Anaheim,619 S Peregrine St,92806,CA,Orange,1435.0,7200.0
107,108,M1264711307,single_family,689900,0.0,3.0,4,Anaheim,1138 W Beacon Ave,92802,CA,Orange,2024.0,5328.0
108,109,M1713854967,single_family,749900,0.0,3.0,4,Anaheim,1745 W Bowling St,92804,CA,Orange,2282.0,10264.0
109,110,M2212978554,single_family,570000,1.0,2.0,3,Anaheim Hills,327 S Vista Del Canon,92807,CA,Orange,1360.0,6000.0
110,111,M2819828533,single_family,679900,0.0,2.0,3,Anaheim,1979 N Sunwood Ln,92807,CA,Orange,1931.0,7500.0
111,113,M1394916584,single_family,715000,0.0,2.0,4,Anaheim Hills,1280 N Mosswood Dr,92807,CA,Orange,1650.0,7650.0
112,114,M1718459497,single_family,770000,1.0,2.0,4,Anaheim Hills,870 S Orchid Ln,92808,CA,Orange,1774.0,6060.0
113,115,M2960436083,single_family,825000,0.0,3.0,4,Anaheim Hills,8800 E Cloudview Way,92808,CA,Orange,2113.0,8100.0
114,116,M2733697494,single_family,620000,0.0,2.0,3,Anaheim,2057 W Grayson Ave,92801,CA,Orange,1285.0,5060.0
115,117,M1698315069,single_family,715000,0.0,4.0,4,Anaheim,1958 W Harriet Ln,92804,CA,Orange,1802.0,7488.0
116,118,M1264109977,single_family,639000,0.0,2.0,3,Anaheim,901 S Cardiff St,92806,CA,Orange,1277.0,7272.0
117,119,M2863494772,single_family,699000,0.0,2.0,3,Anaheim,3247 W Teranimar Dr,92804,CA,Orange,1317.0,7210.0
118,120,M1624342173,single_family,665000,0.0,2.0,4,Anaheim,713 S Neptune St,92804,CA,Orange,1919.0,7251.0
119,121,M1286357744,single_family,769999,1.0,2.0,4,Anaheim,2458 E Virginia Ave,92806,CA,Orange,1579.0,7519.0
120,122,M2808164293,single_family,649999,0.0,2.0,3,Anaheim,1901 N Deer Creek Cir,92807,CA,Orange,3558.0,7400.0
121,123,M1244508091,single_family,624900,0.0,2.0,3,Anaheim,2035 E Turin Ave,92806,CA,Orange,1758.0,27666.0
122,125,M2911679635,single_family,589000,0.0,2.0,3,Anaheim,3238 W Stonybrook Dr,92804,CA,Orange,2462.0,4207.0
123,126,M1398845955,single_family,679900,0.0,3.0,4,Anaheim,2858 W Keys Ln,92804,CA,Orange,1543.0,6177.0
124,127,M2746810031,single_family,657900,0.0,2.0,3,Anaheim,507 N Royal St,92806,CA,Orange,1100.0,7442.0
125,128,M1239365391,single_family,899900,0.0,4.0,6,Anaheim,938 S Hilda St,92806,CA,Orange,1752.0,5207.0
126,129,M1969296556,single_family,865000,0.0,2.0,3,Anaheim Hills,4942 E Gayann Dr,92807,CA,Orange,2034.0,8600.0
127,130,M1650614663,single_family,639900,0.0,2.0,3,Anaheim,2116 W Beacon Ave,92804,CA,Orange,1995.0,5283.0
128,131,M2293807680,single_family,739000,1.0,2.0,4,Anaheim,722 S Halliday St,92804,CA,Orange,1089.0,6375.0
129,132,M2478910245,single_family,619900,0.0,2.0,4,Anaheim,2668 W Baylor Ave,92801,CA,Orange,1003.0,6312.0
130,133,M1729620812,single_family,619900,0.0,2.0,3,Anaheim,9242 Pacific Ave,92804,CA,Orange,4910.0,47916.0
131,134,M2575461227,single_family,669900,1.0,2.0,4,Anaheim,2805 E Dutch Ave,92806,CA,Orange,2393.0,2524.0
132,135,M2551630620,single_family,799000,1.0,3.0,6,Anaheim,749 W Orangewood Ave,92802,CA,Orange,2639.0,33750.0
133,136,M1782983290,single_family,669000,0.0,2.0,4,Anaheim,1654 S Melissa Way,92802,CA,Orange,1292.0,7200.0
134,137,M1292884359,single_family,595000,0.0,1.0,2,Anaheim,203 S Kroeger St,92805,CA,Orange,1104.0,7208.0
135,138,M2772863999,single_family,560000,0.0,1.0,3,Anaheim,905 N Holly St,92801,CA,Orange,1253.0,6203.0
136,140,M2061119838,single_family,2350000,0.0,3.0,4,Anaheim Hills,795 S Peralta Hills Dr,92807,CA,Orange,1332.0,6300.0
137,141,M9546136627,single_family,797000,1.0,3.0,4,Anaheim,2542 W Lugaro Ln,92801,CA,Orange,2735.0,8849.0
138,142,M1941496163,single_family,1195000,1.0,2.0,3,Anaheim Hills,7695 E Silver Dollar Ln,92808,CA,Orange,1744.0,5100.0
139,143,M2888462953,single_family,650000,0.0,2.0,3,Anaheim,3308 W Faircrest Dr,92804,CA,Orange,1445.0,2800.0
140,144,M1308945980,single_family,585000,1.0,1.0,3,Anaheim,203 S Beechwood St,92805,CA,Orange,896.0,5880.0
141,145,M2876537851,single_family,564000,0.0,2.0,4,Anaheim,1233 E LA Palma Ave,92805,CA,Orange,1747.0,6420.0
142,146,M1005738900,single_family,629900,0.0,2.0,4,Anaheim,608 S Bond St,92805,CA,Orange,2900.0,15000.0
143,147,M2069971463,single_family,605000,0.0,2.0,4,Anaheim,1080 S Avocado Way,92805,CA,Orange,4946.0,19550.0
144,148,M1451669465,single_family,699000,0.0,3.0,4,Anaheim,813 N Lenz Dr,92805,CA,Orange,1701.0,4050.0
145,149,M2596292889,single_family,669900,0.0,2.0,3,Anaheim,199 S Barbara Way,92806,CA,Orange,1851.0,7502.0
146,150,M2299957264,single_family,614900,0.0,2.0,2,Anaheim Hills,6401 E Nohl Ranch Rd Apt 79,92807,CA,Orange,1432.0,7875.0
147,151,M2554336512,single_family,479000,0.0,1.0,3,Anaheim,211 N Brookhurst St,92801,CA,Orange,1457.0,5800.0
148,152,M1596579046,single_family,619900,0.0,3.0,5,Anaheim,513 S Nutwood St,92804,CA,Orange,1992.0,5000.0
149,153,M1876318029,single_family,1089000,0.0,3.0,5,Anaheim Hills,907 S Creekview Ln,92808,CA,Orange,1740.0,10560.0
150,154,M1741154456,single_family,1950000,1.0,5.0,5,Anaheim Hills,1080 S Taylor Ct,92808,CA,Orange,1962.0,7000.0
151,155,M2851080138,single_family,664800,1.0,2.0,3,Anaheim,2030 W Bowsprit Ln,92801,CA,Orange,1605.0,8400.0
152,156,M1599783917,single_family,739000,0.0,3.0,3,Anaheim,2048 W Embassy Ave,92804,CA,Orange,2276.0,7200.0
153,157,M1103114807,single_family,639000,1.0,2.0,3,Anaheim,304 N New Ave,92806,CA,Orange,2863.0,7116.0
154,158,M1930689039,single_family,759000,0.0,2.0,3,Anaheim Hills,100 N Avenida Malaga,92808,CA,Orange,959.0,7234.0
155,159,M1145570162,single_family,749000,1.0,2.0,3,Anaheim Hills,1251 N Tippetts Ln,92807,CA,Orange,1496.0,5150.0
156,160,M2331484251,single_family,799000,0.0,2.0,3,Anaheim Hills,6856 E Georgetown Cir,92807,CA,Orange,1698.0,7200.0
157,161,M1910714494,single_family,799000,1.0,2.0,4,Anaheim Hills,6080 E Calle Cedro,92807,CA,Orange,3400.0,29750.0
158,162,M2500017289,single_family,595000,0.0,2.0,3,Anaheim,344 E Orangewood Ave,92802,CA,Orange,2534.0,4978.0
159,163,M1420145627,single_family,809900,0.0,3.0,4,Anaheim,7772 E Northfield Ave,92807,CA,Orange,1288.0,7000.0
160,164,M1935123687,single_family,895000,1.0,2.0,4,Anaheim Hills,7360 E Calle Durango,92808,CA,Orange,2680.0,7600.0
161,165,M2458726625,single_family,475000,0.0,1.0,3,Anaheim,3160 W Tyler Ave,92801,CA,Orange,2600.0,15000.0
162,166,M1090416568,single_family,725000,0.0,2.0,3,Anaheim Hills,6234 E Northfield Ave,92807,CA,Orange,4600.0,22000.0
163,167,M1424410391,single_family,610000,0.0,2.0,3,Anaheim,931 S Gaymont St,92804,CA,Orange,1452.0,7200.0
164,168,M1823400391,single_family,1099999,1.0,3.0,4,Anaheim Hills,331 S Yorkshire Cir,92808,CA,Orange,1891.0,2905.0
165,169,M1023266488,single_family,819900,1.0,2.0,4,Anaheim Hills,8620 E Sunnywalk Ln,92808,CA,Orange,1621.0,5150.0
166,170,M2483928122,single_family,645000,0.0,2.0,3,Anaheim,2105 E South St,92806,CA,Orange,1825.0,4602.0
167,171,M2353955614,single_family,950000,0.0,3.0,4,Anaheim Hills,1045 S Windy Ridge Ct,92808,CA,Orange,1995.0,7300.0
168,172,M2378700200,single_family,849900,1.0,2.0,4,Anaheim Hills,6792 E Leafwood Dr,92807,CA,Orange,1698.0,4750.0
169,173,M1855225506,single_family,1485000,0.0,4.0,5,Anaheim Hills,335 S Royal Ridge Dr,92807,CA,Orange,1183.0,3007.0
170,174,M1563635953,single_family,629900,1.0,2.0,3,Anaheim,2235 W Crestwood Ln,92804,CA,Orange,658.0,5472.0
171,175,M2338937440,single_family,755000,0.0,3.0,3,Anaheim Hills,805 S Jacaranda Way,92807,CA,Orange,900.0,3828.0
172,176,M2824360457,single_family,649000,0.0,3.0,3,Anaheim,1898 W Surf Dr,92801,CA,Orange,2850.0,5000.0
173,177,M2840720206,single_family,649000,1.0,2.0,3,Anaheim,1108 N Voyager Ln,92801,CA,Orange,2153.0,7449.0
174,178,M1731369960,single_family,639000,0.0,2.0,4,Anaheim,1930 W Harle Ave,92804,CA,Orange,1531.0,6565.0
175,179,M1813375852,single_family,799900,0.0,2.0,3,Anaheim Hills,6549 E Calle Del Norte,92807,CA,Orange,1450.0,5552.0
176,180,M1040029864,single_family,485000,0.0,2.0,3,Anaheim,2035 E Blackwood Ln,92806,CA,Orange,1471.0,11250.0
177,181,M2982645362,single_family,439950,0.0,1.0,1,Anaheim,425 S Ohio St,92805,CA,Orange,1662.0,12300.0
178,182,M1010738834,single_family,527500,0.0,1.0,2,Anaheim,109 W South St,92805,CA,Orange,1363.0,7200.0
179,183,M1170911003,single_family,895000,1.0,3.0,4,Anaheim Hills,1241 N Walden Ln,92807,CA,Orange,1237.0,6435.0
180,187,M1117322578,single_family,724900,0.0,2.0,3,Anaheim,1233 N Hinsdale Pl,92807,CA,Orange,984.0,6800.0
181,188,M1652850619,single_family,659900,0.0,2.0,4,Anaheim,1305 S Falcon St,92804,CA,Orange,3240.0,5141.0
182,189,M2272580706,single_family,620000,0.0,2.0,4,Anaheim,1424 S Garza St,92804,CA,Orange,2237.0,6500.0
183,190,M2973801961,single_family,565000,1.0,1.0,3,Anaheim,1202 E Opal Ave,92805,CA,Orange,1856.0,5000.0
184,191,P417000466593,single_family,562990,0.0,3.0,2,Anaheim,750 E. North St.,92805,CA,Orange,2969.0,13524.0
185,192,P417000466592,single_family,490990,1.0,2.0,2,Anaheim,750 E. North St.,92805,CA,Orange,1754.0,7650.0
0,0,M1947154472,single_family,850000,0.0,2.0,3,Los Angeles,6207 Keniston Ave,90043,CA,Los Angeles,1425.0,5649.0
1,1,M1877462085,single_family,624900,0.0,2.0,3,Los Angeles,5607 S Wilton Pl,90062,CA,Los Angeles,1268.0,5470.0
2,2,M2313200155,single_family,610000,0.0,2.0,3,Sun Valley,9169 Oneida Ave,91352,CA,Los Angeles,1300.0,10487.0
3,3,M2358860381,single_family,1999000,0.0,4.0,3,West Los Angeles,11230 Pickford St,90064,CA,Los Angeles,2573.0,6026.0
4,4,M2263164590,single_family,739000,0.0,2.0,4,Los Angeles,5011 S Budlong Ave,90037,CA,Los Angeles,1820.0,5941.0
5,5,M1276174176,single_family,550888,0.0,1.0,2,Gardena,15934 S Ainsworth St,90247,CA,Los Angeles,956.0,6812.0
6,6,M9989153981,single_family,449900,0.0,2.0,3,Los Angeles,1364 E 110th St,90059,CA,Los Angeles,1150.0,2834.0
7,7,M1937357901,single_family,395000,0.0,2.0,4,Los Angeles,9621 Beach St,90002,CA,Los Angeles,1360.0,3326.0
8,8,M1612812659,single_family,699000,1.0,2.0,4,Northridge,9524 Forbes Ave,91343,CA,Los Angeles,1816.0,7858.0
9,9,M2829660625,single_family,390000,0.0,1.0,3,Los Angeles,5053 Long Beach Ave,90058,CA,Los Angeles,980.0,2623.0
10,10,M2177041774,single_family,500000,0.0,1.0,3,Pacoima,11718 Borden Ave,91331,CA,Los Angeles,1765.0,7947.0
11,11,M1694873487,single_family,659000,0.0,1.0,3,Los Angeles,5119 Chester St,90032,CA,Los Angeles,988.0,5097.0
12,12,M2467772283,single_family,2599900,1.0,4.0,3,Los Angeles,845 N Crescent Heights Blvd,90046,CA,Los Angeles,2500.0,6056.0
13,13,M1186436564,single_family,1399000,0.0,1.0,3,Culver City,12054 Marshall St,90230,CA,Los Angeles,1321.0,4647.0
14,14,M1263009852,single_family,900000,0.0,2.0,4,Los Angeles,2909 Kenwood Ave,90007,CA,Los Angeles,2736.0,6590.0
15,15,M2305959190,single_family,1313600,0.0,6.0,5,Porter Ranch,18853 Beechtree Ln,91326,CA,Los Angeles,4694.0,11133.0
16,16,M2309035113,single_family,719000,0.0,2.0,4,Harbor City,23324 Maltby Pl,90710,CA,Los Angeles,1574.0,5046.0
17,17,M2552965376,single_family,559000,0.0,2.0,3,Los Angeles,6000 S Van Ness Ave,90047,CA,Los Angeles,1640.0,4928.0
18,18,M2546656060,single_family,375000,0.0,1.0,2,Los Angeles,1118 E Lanzit Ave,90059,CA,Los Angeles,946.0,4145.0
19,19,M1392017025,single_family,625000,0.0,2.0,3,Canoga Park,21032 Baltar St,91304,CA,Los Angeles,1617.0,7507.0
20,20,M1164113041,single_family,719900,0.0,2.0,3,Lake Balboa,6456 Aldea Ave,91406,CA,Los Angeles,1312.0,6762.0
21,21,M1542484825,single_family,1275000,0.0,2.0,2,Los Angeles,3922 Melbourne Ave,90027,CA,Los Angeles,1100.0,6896.0
22,22,M1877096426,single_family,899000,0.0,2.0,3,Woodland Hills,22030 San Miguel St,91364,CA,Los Angeles,1701.0,6209.0
23,23,M2175447562,single_family,1995000,1.0,4.0,5,Encino,17956 Lake Vista Dr,91316,CA,Los Angeles,4362.0,18284.0
24,24,M1319638341,single_family,2199000,0.0,4.0,3,Studio City,3876 Eureka Dr,91604,CA,Los Angeles,3707.0,18001.0
25,25,M2162479014,single_family,1549000,1.0,3.0,3,Encino,4405 Alonzo Ave,91316,CA,Los Angeles,2665.0,18869.0
26,26,M2149324136,single_family,4095000,2.0,4.0,5,Encino,17925 Medley Dr,91316,CA,Los Angeles,5373.0,30635.0
27,27,M1088111030,single_family,1249000,1.0,2.0,3,Sherman Oaks,14324 Weddington St,91401,CA,Los Angeles,1636.0,5436.0
28,28,M2188657375,single_family,749900,0.0,4.0,5,Arleta,9233 Arleta Ave,91331,CA,Los Angeles,2037.0,7505.0
29,29,M1739014736,single_family,2399000,1.0,5.0,5,Sherman Oaks,4706 Katherine Ave,91423,CA,Los Angeles,4433.0,11199.0
30,30,M1532404128,single_family,739000,0.0,2.0,3,Granada Hills,16394 Shamhart Dr,91344,CA,Los Angeles,1654.0,11985.0
31,31,M1644691487,single_family,849000,0.0,2.0,4,Woodland Hills,23514 Erwin St,91367,CA,Los Angeles,1570.0,7839.0
32,32,M1574797546,single_family,280000,0.0,1.0,2,Los Angeles,1612 W 85th St,90047,CA,Los Angeles,1304.0,6978.0
33,33,M9471706152,single_family,2570,0.0,2.0,2,Van Nuys,6200 Kester Ave Apt 207,91411,CA,Los Angeles,1125.0,16000.0
34,34,M1441377490,single_family,735000,1.0,2.0,3,Van Nuys,5646 Hazeltine Ave,91401,CA,Los Angeles,1671.0,1394.0
35,35,M1706698164,single_family,1180999,0.0,3.0,3,Los Angeles,4563 W 17th St,90019,CA,Los Angeles,1870.0,5600.0
36,36,M1634556402,single_family,895000,0.0,2.0,5,Los Angeles,1243 S Bonnie Brae St,90006,CA,Los Angeles,2896.0,5595.0
37,37,M2048749655,single_family,845999,0.0,2.0,3,Porter Ranch,18361 Lahey St,91326,CA,Los Angeles,2358.0,11566.0
38,38,M1925255243,single_family,799000,0.0,4.0,4,Chatsworth,10525 Churchill Ave,91311,CA,Los Angeles,2354.0,7534.0
39,39,M1976294664,single_family,845000,0.0,2.0,3,La Crescenta,6222 Altura Ave,91214,CA,Los Angeles,1731.0,7535.0
40,40,M1506695944,single_family,2675000,0.0,3.0,3,Los Angeles,152 S Almont Dr,90048,CA,Los Angeles,1979.0,5749.0
41,41,M2738614856,single_family,5500000,0.0,5.0,4,Santa Monica,562 Stassi Ln,90402,CA,Los Angeles,5228.0,15018.0
42,42,M1423084745,single_family,2750000,0.0,4.0,4,Los Angeles,2412 Glendower Ave,90027,CA,Los Angeles,2768.0,9828.0
43,43,M1601216653,single_family,1895000,0.0,4.0,5,Woodland Hills,20420 Quedo Dr,91364,CA,Los Angeles,4011.0,15934.0
44,44,M1901584522,single_family,8995000,1.0,5.0,5,Los Angeles,2103 Linda Flora Dr,90077,CA,Los Angeles,6550.0,17883.0
45,45,M1778342901,single_family,1499000,0.0,4.0,4,Westchester,8056 Altavan Ave,90045,CA,Los Angeles,1500.0,4832.0
46,46,M2936965724,single_family,9995000,2.0,9.0,8,Encino,16174 Woodvale Rd,91436,CA,Los Angeles,9839.0,23469.0
47,47,M1432681688,single_family,1150000,0.0,2.0,3,Los Angeles,4918 W 20th St,90016,CA,Los Angeles,2044.0,7821.0
48,48,M2757083019,single_family,1199000,0.0,2.0,2,Sherman Oaks,3980 Hopevale Dr,91403,CA,Los Angeles,1450.0,4792.0
49,49,M1269852264,single_family,4690000,0.0,4.0,4,Beverly Hills,9464 Beverly Crest Dr,90210,CA,Los Angeles,6091.0,15411.0
50,50,M2877399523,single_family,1950000,0.0,3.0,3,Los Angeles,1374 Miller Pl,90069,CA,Los Angeles,3012.0,2838.0
51,51,M1271920873,single_family,2799000,1.0,2.0,3,Venice,741 California Ave,90291,CA,Los Angeles,1244.0,8354.0
52,52,M2482481661,single_family,295000,0.0,2.0,3,Panorama City,14927 Titus St,91402,CA,Los Angeles,4220.0,6997.0
53,53,M2136896204,single_family,3295000,0.0,5.0,6,Los Angeles,836 Masselin Ave,90036,CA,Los Angeles,1982.0,7718.0
54,54,M2921292506,single_family,2385000,0.0,2.0,3,Pacific Palisades,825 Jacon Way,90272,CA,Los Angeles,3300.0,9472.0
55,55,M2879933607,single_family,3695000,0.0,3.0,4,Los Angeles,1376 Miller Pl,90069,CA,Los Angeles,1990.0,7280.0
56,56,M2917874189,single_family,1475000,1.0,2.0,4,Sherman Oaks,4621 Allott Ave,91423,CA,Los Angeles,1366.0,4995.0
57,57,M1702558495,single_family,1359000,0.0,2.0,3,Los Angeles,9049 Hargis St,90034,CA,Los Angeles,1234.0,5501.0
58,58,M2405483224,single_family,665000,0.0,1.0,3,Los Angeles,1911 W Vernon Ave,90062,CA,Los Angeles,1662.0,7990.0
59,59,M1161094500,single_family,735000,0.0,2.0,4,Van Nuys,6827 Bianca Ave,91406,CA,Los Angeles,2114.0,6143.0
60,60,M2596351157,single_family,1750000,1.0,2.0,2,Los Angeles,1820 San Jacinto St,90026,CA,Los Angeles,1531.0,5751.0
61,61,M2055329279,single_family,1524999,0.0,2.0,3,Los Angeles,3779 Colonial Ave,90066,CA,Los Angeles,1230.0,6014.0
62,62,M1957155043,single_family,325000,0.0,2.0,3,Reseda,17945 Keswick St,91335,CA,Los Angeles,3701.0,18797.0
63,63,M1141987741,single_family,3495000,0.0,4.0,3,Los Angeles,7935 Oceanus Dr,90046,CA,Los Angeles,3256.0,5898.0
64,64,M9168687810,single_family,604990,1.0,3.0,3,Northridge,18446 W Calico Ln,91325,CA,Los Angeles,1600.0,3806.0
65,65,M1391920971,single_family,4488000,1.0,3.0,4,Marina del Rey,941 Princeton Dr,90292,CA,Los Angeles,2628.0,6114.0
66,66,M1763313354,single_family,1995000,0.0,2.0,3,Venice,1030 Oakwood Ave,90291,CA,Los Angeles,1365.0,6761.0
67,67,M2438533743,single_family,1749000,1.0,3.0,4,Sherman Oaks,14036 Davana Ter,91423,CA,Los Angeles,6391.0,18000.0
68,68,M2280814125,single_family,1399000,0.0,2.0,3,Los Angeles,2203 Midvale Ave,90064,CA,Los Angeles,2525.0,23695.0
69,69,M1543825084,single_family,7985000,1.0,6.0,5,Los Angeles,341 S Cliffwood Ave,90049,CA,Los Angeles,3761.0,17955.0
70,70,M1041797839,single_family,2350000,1.0,3.0,3,Beverly Hills,9843 Yoakum Dr,90210,CA,Los Angeles,1831.0,5083.0
71,71,M1137702157,single_family,3495000,1.0,3.0,4,Los Angeles,2501 Apollo Dr,90046,CA,Los Angeles,2147.0,17929.0
72,72,M2844179366,single_family,1895000,0.0,3.0,3,Los Angeles,528 N Kilkea Dr,90048,CA,Los Angeles,1216.0,6625.0
73,73,M2242331705,single_family,685000,0.0,3.0,4,Sylmar,10640 Jimenez St,91342,CA,Los Angeles,1412.0,4680.0
74,74,M1568877336,single_family,735000,0.0,2.0,3,Los Angeles,2468 N Ditman Ave,90032,CA,Los Angeles,1150.0,6550.0
75,75,M2986964543,single_family,585000,0.0,2.0,3,Los Angeles,1130 W 69th St,90044,CA,Los Angeles,992.0,4727.0
76,76,M1846131576,single_family,694000,0.0,2.0,3,North Hollywood,6232 Cleon Ave,91606,CA,Los Angeles,2615.0,3589106.0
77,77,M2816584654,single_family,450000,0.0,1.0,2,Los Angeles,1159 E 65th St,90001,CA,Los Angeles,3054.0,5242.0
78,78,M1615636157,single_family,514900,0.0,3.0,4,Sylmar,13270 Alta Vista Way,91342,CA,Los Angeles,1650.0,6249.0
79,79,M1468441249,single_family,1789000,0.0,3.0,3,Sherman Oaks,3623 Dixie Canyon Pl,91423,CA,Los Angeles,2450.0,6000.0
80,80,M2314747655,single_family,749000,0.0,2.0,4,Lake Balboa,7409 Wish Ave,91406,CA,Los Angeles,1185.0,5162.0
81,81,M1951982597,single_family,1488000,0.0,3.0,4,Los Angeles,1259 Westchester Pl,90019,CA,Los Angeles,1796.0,6345.0
82,82,M1846847700,single_family,599000,0.0,1.0,2,Sunland,10340 Whitegate Ave,91040,CA,Los Angeles,2078.0,6019.0
83,83,M2578766004,single_family,819998,0.0,2.0,4,San Pedro,1403 N Cabrillo Ave,90731,CA,Los Angeles,2000.0,5510.0
84,84,M1034028305,single_family,1640000,1.0,2.0,3,Los Angeles,8757 Arlene Ter,90046,CA,Los Angeles,1530.0,5299.0
85,85,M1484127062,single_family,949000,1.0,2.0,3,Encino,5722 Hesperia Ave,91316,CA,Los Angeles,2171.0,18968.0
86,86,M1280542515,single_family,1275000,0.0,2.0,2,Los Angeles,3234 DE Witt Dr,90068,CA,Los Angeles,2301.0,35976.0
87,87,M2119474116,single_family,1120000,0.0,3.0,4,Tarzana,3885 Corbin Ave,91356,CA,Los Angeles,3628.0,7072.0
88,88,M1780041390,single_family,999999,0.0,2.0,2,Woodland Hills,22612 Sylvan St,91367,CA,Los Angeles,1522.0,7523.0
89,89,M1906350191,single_family,1195000,0.0,3.0,3,Woodland Hills,21086 Topochico Dr,91364,CA,Los Angeles,1358.0,7543.0
90,90,M1355645465,single_family,637000,0.0,3.0,3,Winnetka,7758 Sunnybrae Ave,91306,CA,Los Angeles,2280.0,11177.0
91,91,M2841479343,single_family,700000,0.0,2.0,3,West Hills,22860 Lanark St,91304,CA,Los Angeles,2500.0,12050.0
92,92,M1644244296,single_family,899000,0.0,3.0,5,Woodland Hills,23515 Oxnard St,91367,CA,Los Angeles,1240.0,6276.0
93,93,M2380863734,single_family,855000,0.0,2.0,4,Northridge,17616 Romar St,91325,CA,Los Angeles,2492.0,7710.0
94,94,M1244123020,single_family,690000,1.0,1.0,3,Lake Balboa,6506 Gaviota Ave,91406,CA,Los Angeles,2347.0,12164.0
95,95,M1211532990,single_family,675000,0.0,3.0,4,Granada Hills,11130 Collett Ave,91344,CA,Los Angeles,1344.0,6959.0
96,96,M2300119809,single_family,799000,0.0,2.0,4,Sun Valley,9270 Kewen Ave,91352,CA,Los Angeles,2664.0,16916.0
97,97,M2484952586,single_family,649000,0.0,3.0,4,Tarzana,6236 Topeka Dr,91335,CA,Los Angeles,2144.0,6284.0
98,98,M1936504636,single_family,979000,0.0,3.0,5,Chatsworth,10440 Laramie Ave,91311,CA,Los Angeles,1463.0,7194.0
99,99,M1720433552,single_family,675000,0.0,3.0,7,Sun Valley,8451 Robert Ave,91352,CA,Los Angeles,1650.0,6119.0
100,100,M2337118593,single_family,675000,0.0,1.0,3,Tarzana,18947 Erwin St,91335,CA,Los Angeles,2288.0,5999.0
101,101,M2288076612,single_family,670000,0.0,2.0,4,Reseda,6505 Rhea Ave,91335,CA,Los Angeles,2812.0,38015.0
102,102,M1060439189,single_family,925000,1.0,2.0,3,Lake Balboa,7311 Amestoy Ave,91406,CA,Los Angeles,2585.0,18635.0
103,103,M1365501343,single_family,1199999,0.0,3.0,3,Sylmar,13193 Phillippi Ave,91342,CA,Los Angeles,1631.0,6749.0
104,104,M1704182453,single_family,1295000,0.0,3.0,4,Woodland Hills,5318 Felice Pl,91364,CA,Los Angeles,2311.0,11699.0
105,105,M2738014229,single_family,649000,0.0,2.0,3,Van Nuys,14747 Leadwell St,91405,CA,Los Angeles,2000.0,17480.0
106,106,M1752150018,single_family,795000,0.0,3.0,4,Northridge,9930 Genesta Ave,91325,CA,Los Angeles,2389.0,9726.0
107,107,M2848066855,single_family,795000,0.0,3.0,3,Winnetka,8400 Oso Ave,91306,CA,Los Angeles,1156.0,5949.0
108,108,M1037058922,single_family,800000,0.0,3.0,4,Reseda,7945 Yolanda Ave,91335,CA,Los Angeles,1066.0,5364.0
109,109,M1626623803,single_family,579000,0.0,2.0,3,Sylmar,13257 Beaver St,91342,CA,Los Angeles,2178.0,28335.0
110,110,M2394273176,single_family,499990,1.0,1.0,3,Panorama City,8028 Saloma Ave,91402,CA,Los Angeles,1350.0,7942.0
111,111,M1749464944,single_family,1839000,0.0,2.0,4,Los Angeles,10551 Fontenelle Way,90077,CA,Los Angeles,6958.0,13665.0
112,113,M2739195367,single_family,3499999,0.0,6.0,5,Sherman Oaks,14533 Valley Vista Blvd,91403,CA,Los Angeles,3202.0,5861.0
113,114,M1514450167,single_family,950000,0.0,2.0,2,Sherman Oaks,5730 Lemona Ave,91411,CA,Los Angeles,2329.0,8147.0
114,115,M1013676729,single_family,899000,1.0,3.0,4,Northridge,8601 Blauvelt Pl,91325,CA,Los Angeles,1794.0,7578.0
115,116,M1338583961,single_family,849950,0.0,3.0,4,Granada Hills,17346 Wentzel Way,91344,CA,Los Angeles,1921.0,5710.0
116,117,M2293460578,single_family,599999,0.0,2.0,4,Sylmar,11904 Gager St,91342,CA,Los Angeles,2496.0,2730.0
117,118,M1474624247,single_family,1099900,0.0,3.0,5,Encino,17707 Bullock St,91316,CA,Los Angeles,3132.0,6423.0
118,119,M1367077182,single_family,550000,0.0,4.0,6,Los Angeles,1759 Firestone Blvd,90001,CA,Los Angeles,1290.0,4717.0
119,120,M2815997325,single_family,1100000,0.0,4.0,4,Woodland Hills,22300 Avenue San Luis,91364,CA,Los Angeles,1440.0,8007.0
120,121,M2995982901,single_family,625000,0.0,1.0,3,Los Angeles,1839 W 65th Pl,90047,CA,Los Angeles,896.0,6136.0
121,122,M1975504927,single_family,525000,0.0,2.0,2,Wilmington,1036 N Wilmington Blvd,90744,CA,Los Angeles,1666.0,5861.0
122,123,M1884137763,single_family,674900,0.0,1.0,2,Los Angeles,4026 W 60th St,90043,CA,Los Angeles,900.0,4000.0
123,124,M2404153023,single_family,2100000,0.0,2.0,3,Venice,2229 Walnut Ave,90291,CA,Los Angeles,1119.0,5979.0
124,125,M1784381207,single_family,479000,0.0,1.0,3,Los Angeles,759 E 89th St,90002,CA,Los Angeles,1010.0,4561.0
125,126,M2881738117,single_family,599000,0.0,1.0,2,San Pedro,1070 W Santa Cruz St,90731,CA,Los Angeles,3219.0,8211.0
126,127,M2259616101,single_family,936000,0.0,1.0,2,Los Angeles,1715 Kent St,90026,CA,Los Angeles,990.0,4454.0
127,128,M1481148935,single_family,2395000,0.0,3.0,5,Studio City,13065 Dickens St,91604,CA,Los Angeles,2056.0,7425.0
128,129,M1376734136,single_family,490000,0.0,2.0,3,East Los Angeles,1218 Spence St,90023,CA,Los Angeles,1425.0,7685.0
129,130,M1433905167,single_family,1849000,0.0,3.0,4,Los Angeles,7812 Kentwood Ave,90045,CA,Los Angeles,1020.0,5604.0
130,131,M1350061871,single_family,654995,0.0,2.0,3,Sylmar,13945 Breger Ave,91342,CA,Los Angeles,911.0,4426.0
131,132,M2847867227,single_family,689000,0.0,1.0,2,Los Angeles,3648 4th Ave,90018,CA,Los Angeles,1748.0,7917.0
132,133,M2951693839,single_family,679000,0.0,1.0,2,Los Angeles,2334 S West View St,90016,CA,Los Angeles,984.0,6500.0
133,134,M2475543195,single_family,1645000,0.0,2.0,3,Los Angeles,4171 Don Mariano Dr,90008,CA,Los Angeles,1317.0,6229.0
134,135,M1869531959,single_family,600000,0.0,1.0,3,Torrance,21916 Halldale Ave,90501,CA,Los Angeles,2400.0,1695.0
135,136,M1398220138,single_family,490000,0.0,2.0,4,Los Angeles,13010 Towne Ave,90061,CA,Los Angeles,2690.0,5918.0
136,137,M2842146154,single_family,849000,1.0,1.0,3,Los Angeles,939 Chung King Rd Unit B,90012,CA,Los Angeles,1521.0,5500.0
137,138,M2046069992,single_family,985000,0.0,3.0,3,Porter Ranch,11362 Ferrara Ln,91326,CA,Los Angeles,5664.0,52272.0
138,139,M1183990310,single_family,1350000,0.0,2.0,3,Studio City,12055 Laurel Terrace Dr,91604,CA,Los Angeles,4437.0,11488.0
139,140,M2114824127,single_family,1799000,1.0,5.0,5,Granada Hills,12410 Longacre Ave,91344,CA,Los Angeles,3338.0,10986.0
140,141,M1660971629,single_family,1449000,0.0,4.0,5,Granada Hills,12434 Daryl Ave,91344,CA,Los Angeles,1552.0,6952.0
141,142,M2376695024,single_family,1199999,0.0,4.0,4,Tarzana,18625 Delano St,91335,CA,Los Angeles,7200.0,11575.0
142,143,M2692442353,single_family,1995000,0.0,2.0,3,Los Angeles,314 S Bundy Dr,90049,CA,Los Angeles,2320.0,7937.0
143,144,M2954720056,single_family,3295000,0.0,8.0,6,Pacific Palisades,16620 Linda Ter,90272,CA,Los Angeles,3075.0,5745.0
144,145,M2450380460,single_family,2149000,0.0,3.0,3,Los Angeles,1482 Angelus Ave,90026,CA,Los Angeles,4473.0,6218.0
145,146,M1513855135,single_family,2250000,0.0,6.0,5,Los Angeles,4284 Campbell Dr,90066,CA,Los Angeles,1800.0,6750.0
146,147,M1244618146,single_family,2249000,0.0,4.0,4,Los Angeles,6439 Deep Dell Pl,90068,CA,Los Angeles,1568.0,3750.0
147,148,M1059372998,single_family,1395000,0.0,3.0,4,Studio City,4450 Elmer Ave,91602,CA,Los Angeles,1850.0,11341.0
148,149,M1160387670,single_family,1695000,1.0,2.0,3,Los Angeles,12478 Wagner St,90066,CA,Los Angeles,3412.0,5000.0
149,150,M2007218948,single_family,1999999,0.0,2.0,3,Los Angeles,13161 Psomas Way,90066,CA,Los Angeles,5550.0,18810.0
150,151,M1136581425,single_family,2849000,0.0,5.0,4,Los Angeles,1615 N Fairfax Ave,90046,CA,Los Angeles,1153.0,7578.0
151,152,M1044741848,single_family,6999000,1.0,6.0,5,Los Angeles,100 N Irving Blvd,90004,CA,Los Angeles,4065.0,6897.0
152,153,M1148732876,single_family,1245000,0.0,2.0,2,Los Angeles,2061 Nichols Canyon Rd,90046,CA,Los Angeles,911.0,3601.0
153,154,M1523479194,single_family,2495513,0.0,3.0,4,Los Angeles,3526 Holboro Dr,90027,CA,Los Angeles,2065.0,1344.0
154,155,M1936610656,single_family,599000,0.0,1.0,3,Torrance,1604 W 221st St,90501,CA,Los Angeles,1459.0,4685.0
155,156,M9787799709,single_family,879900,1.0,3.0,4,Los Angeles,289 W 8th St,90731,CA,Los Angeles,1394.0,1000.0
156,157,M2440504986,single_family,995000,0.0,2.0,1,Los Angeles,1729 Silverwood Ter,90026,CA,Los Angeles,4748.0,11116.0
157,158,M1286259854,single_family,925000,0.0,3.0,2,Los Angeles,5634 Observation Ln,90028,CA,Los Angeles,5286.0,29300.0
158,159,M2176293306,single_family,2095000,0.0,7.0,5,Encino,5170 Gloria Ave,91436,CA,Los Angeles,1714.0,5941.0
159,160,M2421630750,single_family,4798000,1.0,5.0,5,Beverly Hills,2925 Trudy Dr,90210,CA,Los Angeles,1398.0,4761.0
160,161,M2237348738,single_family,710000,0.0,2.0,4,Los Angeles,10425 Haas Ave,90047,CA,Los Angeles,660.0,3483.0
161,162,M2759481857,single_family,475000,0.0,2.0,3,Los Angeles,411 E 115th St,90061,CA,Los Angeles,2330.0,18743.0
162,163,M1217499913,single_family,685000,0.0,1.0,1,Los Angeles,427 Museum Dr,90065,CA,Los Angeles,2700.0,53263.0
163,164,M2145862775,single_family,2595000,0.0,3.0,4,Los Angeles,2418 Roscomare Rd,90077,CA,Los Angeles,1064.0,5200.0
164,165,M2775492395,single_family,2099000,1.0,4.0,4,Sherman Oaks,15041 Sherview Pl,91403,CA,Los Angeles,2073.0,6534.0
165,166,M2152708336,single_family,670000,0.0,2.0,2,Los Angeles,4512 S Gramercy Pl,90062,CA,Los Angeles,1978.0,1607.0
166,167,M2688278717,single_family,949500,0.0,4.0,4,North Hollywood,11465 Cumpston St,91601,CA,Los Angeles,2695.0,13101.0
167,168,M9082890240,single_family,990141,1.0,3.0,3,Highland Park,1118 N Avenue 56 Unit 6,90042,CA,Los Angeles,3327.0,4697.0
168,169,M1276331463,single_family,1600000,1.0,3.0,4,Los Angeles,2511 Mount Beacon Ter,90068,CA,Los Angeles,2467.0,2501.0
169,170,M2311129006,single_family,3797000,0.0,5.0,5,Pacific Palisades,757 Hartzell St,90272,CA,Los Angeles,7371.0,21306.0
170,171,M1131765742,single_family,3499000,1.0,3.0,3,Venice,651 Oxford Ave,90291,CA,Los Angeles,3060.0,5907.0
171,172,M2936063025,single_family,6495000,0.0,7.0,6,Los Angeles,10401 Wyton Dr,90024,CA,Los Angeles,1373.0,6802.0
172,173,M1303577942,single_family,4200000,0.0,4.0,4,Beverly Hills,1432 Harridge Dr,90210,CA,Los Angeles,7013.0,14744.0
173,174,M2788457091,single_family,1520000,0.0,3.0,3,Los Angeles,2625 Locksley Pl,90039,CA,Los Angeles,1753.0,6889.0
174,175,M1406691582,single_family,6795000,1.0,6.0,6,Beverly Hills,12000 Crest Ct,90210,CA,Los Angeles,3063.0,15095.0
175,176,M9501198503,single_family,619379,1.0,3.0,3,Northridge,18444 W Calico Ln,91325,CA,Los Angeles,6500.0,10297.0
176,177,M2675150956,single_family,1850000,1.0,2.0,4,Los Angeles,421 N Skyewiay Rd,90049,CA,Los Angeles,2837.0,6336.0
177,178,M1014500951,single_family,5750000,0.0,4.0,4,Los Angeles,1423 Devlin Dr,90069,CA,Los Angeles,4683.0,12297.0
178,179,M2596009466,single_family,6995000,0.0,8.0,6,Los Angeles,1400 Warnall Ave,90024,CA,Los Angeles,41000.0,58719.0
179,180,M1075414565,single_family,3550000,0.0,4.0,4,Los Angeles,1440 N Kings Rd,90069,CA,Los Angeles,3286.0,6653.0
180,181,M2839760921,single_family,4495000,1.0,5.0,6,Los Angeles,1743 N Stanley Ave,90046,CA,Los Angeles,18850.0,69689.0
181,182,M1800407488,single_family,100000000,0.0,21.0,8,Los Angeles,10697 Somma Way,90077,CA,Los Angeles,6000.0,20596.0
182,183,M1537453923,single_family,2299000,1.0,4.0,4,Los Angeles,3473 Rowena Ave,90027,CA,Los Angeles,2068.0,7499.0
183,184,M1238213354,single_family,56000000,5.0,10.0,9,Los Angeles,11490 Orum Rd,90049,CA,Los Angeles,2800.0,5686.0
184,185,M1983086298,single_family,5295000,0.0,7.0,5,Studio City,11540 Amanda Dr,91604,CA,Los Angeles,1448.0,7500.0
185,186,M1055944531,single_family,1599000,1.0,2.0,3,Studio City,11230 Valley Spring Ln,91602,CA,Los Angeles,1529.0,5150.0
186,187,M1360254366,single_family,2399000,0.0,4.0,4,Los Angeles,2845 N Beachwood Dr,90068,CA,Los Angeles,2097.0,5750.0
187,188,M2747307970,single_family,1499000,0.0,3.0,2,Valley Village,4961 Agnes Ave,91607,CA,Los Angeles,1643.0,5185.0
188,189,M1967344389,single_family,1885000,0.0,3.0,3,Venice,1016 Indiana Ave,90291,CA,Los Angeles,22000.0,7246.0
189,190,M1983666872,single_family,2189000,0.0,3.0,4,Los Angeles,3611 Moore St,90066,CA,Los Angeles,2679.0,4834.0
190,191,M2055450644,single_family,1269888,1.0,2.0,3,Los Angeles,2266 Moss Ave,90065,CA,Los Angeles,2368.0,8259.0
191,192,M1431994454,single_family,520000,0.0,1.0,3,Los Angeles,922 E 85th St,90001,CA,Los Angeles,1329.0,5100.0
192,193,M2287573782,single_family,1495000,0.0,28.0,15,Los Angeles,532 W Vernon Ave,90037,CA,Los Angeles,4280.0,4835.0
193,194,M2890808965,single_family,2995000,0.0,3.0,4,Pacific Palisades,16733 Bollinger Dr,90272,CA,Los Angeles,1440.0,3927.0
194,195,M2414866018,single_family,1459000,1.0,2.0,4,Los Angeles,2131 Baxter St,90039,CA,Los Angeles,2600.0,6077.0
